Pairs,T-statistic,P-value,Reject null hypothesis
EG ~ PCG,2.7178585259147354,0.012564279857586765,True
EG ~ NCG,8.031426821797801,5.530928588622585e-08,True
PCG ~ NCG,5.451581329172366,1.778157810344813e-05,True
