Pairs,T-statistic,P-value,Reject null hypothesis
EG ~ PCG,4.180906215723797,0.00038787483090295795,True
EG ~ NCG,3.7129617333995446,0.001211479431689113,True
PCG ~ NCG,-0.9863399334113344,0.334690659752219,False
