Pairs,T-statistic,P-value,Reject null hypothesis
EG ~ PCG,4.351713655222817,0.00025552835248629914,True
EG ~ NCG,7.082867688840069,4.1884142139629366e-07,True
PCG ~ NCG,1.8406514685171953,0.07920118978941386,False
